CpG,Beta,SE,P,StudyID
cg13218906,0.01628,0.00336,2.4e-06,32327964_Soerensen-M_cognitive_function
cg02255454,-0.01325,0.00325,6.5e-05,32327964_Soerensen-M_cognitive_function
cg15353061,0.01506,0.00372,7.2e-05,32327964_Soerensen-M_cognitive_function
cg26956007,0.01241,0.00308,7.9e-05,32327964_Soerensen-M_cognitive_function
