CpG,Coef
cg00252472,-0.7771057
cg06690548,-4.7079934
cg06846495,-0.3341005
cg12825509,-1.4103232
cg18282388,0.1192672
