CpG,Coef,Gene
cg21566642,-0.079544662,""
cg05575921,-0.173015078,AHRR
cg03636183,-0.044193582,F2RL3
cg06644428,-0.111143995,""
cg17087741,-0.055268643,""
cg17287155,-0.068719399,AHRR
cg06530441,0.080125194,CPT1B;CPT1B;CPT1B;CHKB-CPT1B;CPT1B;CPT1B;CPT1B;CPT1B
cg00116430,-0.040996097,""
cg03329539,-0.038330346,""
cg01692968,-0.050212188,""
cg09956615,-0.031634683,ZBED4
cg06366791,-0.081053785,RASSF5;RASSF5;RASSF5
cg25428451,0.046699711,""
cg12452386,-0.037689629,ZNF616
cg13213598,0.06755103,CNTN4
cg07691624,-0.034766281,FAM111B;FAM111B;FAM111B
cg10436257,0.029229495,""
cg02753187,-0.042593567,PTTG1IP
cg11719157,0.041983035,UBE2J1;UBE2J1
cg21315021,-0.033566517,GARNL3
cg14938844,-0.042304989,SND1
cg07058086,0.049295109,SLC6A3
cg24082680,-0.102355771,VSTM5
cg03426023,0.04990532,""
cg09391419,-0.078775054,""
cg16888603,-0.026265347,ITGA5;LOC102724050;LOC102724050
cg27241845,-0.039828464,FAM32A
