"CpG","Coef","P.Value"
"cg26179948",-1.00939259,7.95204e-06
"cg09573795",-0.692594476,1.92673e-05
"cg02621907",-1.253382606,3.09998e-05
"cg10822172",-1.09891731,3.2619e-05
"cg17294330",-1.05879986,3.89187e-05
"cg00229532",0.686424366,4.93908e-05
"cg07539200",-0.817253408,5.05308e-05
"cg25120210",-0.583623227,5.56034e-05
"cg02506717",-1.026053985,7.04573e-05
"cg00661523",-0.749825893,7.13778e-05
