CpG,Mean
cg07721244,0.0891501741440685
cg04722215,0.604930707311183
cg21742790,0.472988173756184
cg04252203,0.402513072479559
cg05454562,0.479098389435202
cg16998831,0.584800406623615
cg07023317,0.565670755412473
cg13999433,0.448714565287884
cg11691844,0.427930856172767
cg06992688,0.584635027394962
