CpG,Mean
cg00252472,0.193771309609032
cg06690548,0.851329265447097
cg06846495,0.399870572596934
cg12825509,0.441164527905906
cg18282388,0.565028443993219
