CpG,Mean
cg01912040,0.703695360686892
cg05962511,0.344316521469612
cg21566642,0.476655489159069
cg05575921,0.805266639507338
cg19246761,0.125110754602845
cg27425146,0.894732514883368
cg02346713,0.172835563259885
cg15357934,0.324774382028605
cg00588920,0.0302570487679822
cg23279152,0.859764457213919

