CpG,Mean
cg26464482,0.084229581062794
cg00032756,0.0950142678753636
cg06170203,0.32352413047374
cg22851864,0.572587921677901
cg19218082,0.623006929090392
cg04095045,0.12779828976989
cg23028436,0.0717563131734465
cg01144053,0.0648718060431441
cg11701615,0.663294416145562
cg25666403,0.0156603328274753
