CpG,Mean
cg25189904,0.458612232479524
cg06644428,0.154163326679011
cg23916896,0.247066157364353
cg05575921,0.805266639507338
cg06126421,0.714492863125246
cg01692968,0.374701555583635
cg11660018,0.524843302376533
cg03636183,0.669507354477251
