CpG,Mean
cg26179948,0.0580955185860018
cg09573795,0.354303986636415
cg02621907,0.0764612512124006
cg10822172,0.523893108057083
cg17294330,0.83549879465436
cg00229532,0.907808784924859
cg07539200,0.0593111294294309
cg25120210,0.577589699691178
cg02506717,0.54515635602324
cg00661523,0.21510077424206
