CpG,Mean
cg00367281,0.766162741789152
cg05860019,0.805118519187323
cg08619295,0.767986224437887
cg27241845,0.651882633406725
cg23238147,0.07659984841982
cg05685892,0.428547471765303
cg06255943,0.705194398753849
cg01884057,0.272975257836656
cg02048220,0.825316989315467
cg04003327,0.776616190075362
