"brain","bowel","heart","kidney","liver","lung","metabolic","musculoskeletal","vascular","immune"
0.889741726689567,0.0356862896313948,0.782938879491941,0.823217009828057,0.436661406400005,0.626040737690444,0.782938879491941,0.462713051715559,0.554952812843469,0.462713051715559
0.937405569678789,0.801132533189891,0.436661406400005,0.88368551584143,0.487797296265957,0.79877126606552,0.436661406400005,0.581846260296243,0.128195700871879,0.159710417214976
0.874203286187306,0.599636818904994,0.487797296265957,0.46409382296581,0.0970700372518612,0.0739964818378824,0.57948794635815,0.0576107178924466,0.927615184230426,0.680649835892867
0.731912402082646,0.883520959357404,0.0936453305099105,0.0376375216639479,0.649878719311774,0.714492863125246,0.845448176117208,0.57948794635815,0.924346306229026,0.450997381803572
0.32121247608238,0.459682621620139,0.545426946789501,0.0640352831443544,0.54881105826075,0.833695541776592,0.103685583064901,0.513331206758523,0.808487824709638,0.297387856211132
